CDR3a,CDR3a_V,CDR3b,CDR3b_V,Antigens,HLA_alleles,Score_BA,Score_interaction
CALNPFNAGNMLTF,TRAV12-2*01,CSARVGDTGELFF,TRBV20-1*01,ALSPVIPHI,HLA-A*02:01,0.7968025,0.98354626
CAVGEAGGGNKLTF,TRAV8-3*01,CASSYDSTTGELFF,TRBV4-1*01,ALSPVIPHI,HLA-A*02:01,0.7968025,0.94022053
CALNPFNAGNMLTF,TRAV12-2*01,CSARVGDTGELFF,TRBV20-1*01,ALSPVIPHI,HLA-A*02:01,0.7968025,0.98354626
CAMRYNFNKFYF,TRAV12-3*01,CASRSSLMTGNNANEQYF,TRBV12-4*01,KLGGALQAK,HLA-A*03:01,0.5628374,0.9940928
CAVPGNTGKLIF,TRAV25*01,CASSLTSGNTEAFF,TRBV7-3*01,KLGGALQAK,HLA-A*03:01,0.5628374,0.9923418
CIVRVSYGGATNKLIF,TRAV26-1*01,CASSQEEAGTGELFF,TRBV4-1*01,KLGGALQAK,HLA-A*03:01,0.5628374,0.9942106
CAMKGNQFYF,TRAV12-3*01,CASSRLPGLAGVGNHEQYF,TRBV4-3*01,KLGGALQAK,HLA-A*03:01,0.5628374,0.99564266
CAVDLMKTSYDKVIF,TRAV21*01,CASSSRTGYDGYTF,TRBV28*01,IVTDFSVIK,HLA-A*11:01,0.5468262,0.9139143
CALSEDAGNMLTF,TRAV19*01,CASSWGGGSHYGYTF,TRBV11-2*01,IVTDFSVIK,HLA-A*11:01,0.5468262,0.94353133
CAVDLMKTSYDKVIF,TRAV21*01,CASSLAGAKEAFF,TRBV7-8*01,IVTDFSVIK,HLA-A*11:01,0.5468262,0.9257647
CAVDLMKTSYDKVIF,TRAV21*01,CSANVRQSNTGELFF,TRBV20-1*01,IVTDFSVIK,HLA-A*11:01,0.5468262,0.9205047
CAGLFSGYALNF,TRAV35*01,CASSLEPPGRGFAGYTF,TRBV7-3*01,GILGFVFTL,HLA-B*51:193,0.075596794,1.6093254e-06
CAVNKGYSTLTF,TRAV12-2*01,CASSSSTSGYTDTQYF,TRBV7-8*01,GILGFVFTL,HLA-C*03:04,0.3466987,4.3845175e-05
CAVSQAGTALIF,TRAV1-2*01,CASSHLSGVRSYNEQFF,TRBV3-1*01,GILGFVFTL,HLA-A*01:01,0.13295904,1.552105e-05
CAVRDWNAGNMLTF,TRAV1-2*01,CASSEASYGATYNEQFF,TRBV6-1*01,ELAGIGILTV,HLA-C*08:02,0.20109932,0.00030668377
CAVKDTNAGKSTF,TRAV21*01,CSAREAGVWFNEQFF,TRBV20-1*01,ELAGIGILTV,HLA-B*35:01,0.058391817,1.2993812e-06
CAVGGLVFGNEKLTF,TRAV8-3*01,CASSFSGNTGELFF,TRBV12-3*01,ELAGIGILTV,HLA-B*27:05,0.06988795,1.7119637e-05
CAVTSGDDKIIF,TRAV1-1*01,CASSEGGGDTEAFF,TRBV25-1*01,ELAGIGILTV,HLA-B*07:02,0.13235219,2.286732e-07
CAGAGGGSQGNLIF,TRAV27*01,CASSFRSADTQYF,TRBV19*01,KLGGALQAK,HLA-C*05:01,0.18997428,2.7356032e-06
CAGAGSQGNLIF,TRAV27*01,CASSIRSAYEQYF,TRBV19*01,KLGGALQAK,HLA-B*44:02,0.04570962,0.0
CAASGYDYKLSF,TRAV13-1*01,CASSARSSYEQYF,TRBV19*01,KLGGALQAK,HLA-B*27:05,0.092539705,4.848298e-06
CALRAGNQFYF,TRAV19*01,CASSLMRGGTYNSPLHF,TRBV13*01,KLGGALQAK,HLA-A*25:01,0.071384504,6.748314e-06
CAGAQGSSNTGKLIF,TRAV27*01,CASSIRSAYEQYF,TRBV19*01,KLGGALQAK,HLA-A*25:01,0.071384504,1.4270539e-06
